<?xml version="1.0" encoding="UTF-8" standalone="yes"?>
<addon id="emulators.RetroArch"
       name="RetroArch"
       version="3.0.4"
       provider-name="openelec.tv">
  <requires>
    <import addon="os.openelec.tv" version="3.0"/>
    <import addon="xbmc.python" version="2.0"/>

  </requires>
  <extension point="xbmc.python.script"
             library="default.py">
        <provides>executable</provides>
  </extension>
  <extension point="xbmc.addon.metadata">
    <summary>Simple Multi-emulator frontend based on libretro</summary>
    <description>
Simple Multi-emulator frontend based on libretro
    </description>
    <platform>all</platform>
  </extension>
</addon>
